{
  "1": {
    "ax": {
      "min": [
        -1.019531,
        0.006104,
        -0.033569
      ],
      "max": [
        -1.017212,
        0.024414,
        -0.020142
      ],
      "mean": [
        -1.01862,
        0.021496,
        -0.023594
      ]
    },
    "gy": {
      "min": [
        -0.427246,
        -0.305176,
        -0.305176
      ],
      "max": [
        -0.305176,
        -0.244141,
        -0.244141
      ],
      "mean": [
        -0.341416,
        -0.246048,
        -0.2594
      ]
    }
  },
  "2": {
    "ax": {
      "min": [
        -0.441162,
        0.85144,
        -0.283325
      ],
      "max": [
        -0.438477,
        0.853394,
        -0.280396
      ],
      "mean": [
        -0.439889,
        0.852208,
        -0.282366
      ]
    },
    "gy": {
      "min": [
        -0.549316,
        -0.427246,
        -0.366211
      ],
      "max": [
        0.549316,
        0.244141,
        -0.061035
      ],
      "mean": [
        -0.078474,
        -0.087193,
        -0.130789
      ]
    }
  },
  "3": {
    "ax": {
      "min": [
        -0.484131,
        0.521851,
        0.714355
      ],
      "max": [
        -0.474243,
        0.537109,
        0.720093
      ],
      "mean": [
        -0.478038,
        0.524603,
        0.718561
      ]
    },
    "gy": {
      "min": [
        -0.366211,
        -1.647949,
        -0.305176
      ],
      "max": [
        0.488281,
        -0.244141,
        1.281738
      ],
      "mean": [
        -0.199751,
        -0.49383,
        -0.016646
      ]
    }
  },
  "4": {
    "ax": {
      "min": [
        -0.483154,
        -0.523315,
        0.720215
      ],
      "max": [
        -0.480957,
        -0.519043,
        0.7229
      ],
      "mean": [
        -0.482107,
        -0.520844,
        0.721039
      ]
    },
    "gy": {
      "min": [
        -0.366211,
        -0.427246,
        -0.305176
      ],
      "max": [
        -0.244141,
        -0.244141,
        -0.244141
      ],
      "mean": [
        -0.320435,
        -0.279745,
        -0.269572
      ]
    }
  },
  "5": {
    "ax": {
      "min": [
        -0.455933,
        -0.847656,
        -0.28894
      ],
      "max": [
        -0.447876,
        -0.840698,
        -0.279785
      ],
      "mean": [
        -0.453073,
        -0.845921,
        -0.286194
      ]
    },
    "gy": {
      "min": [
        -0.976562,
        -0.305176,
        -0.305176
      ],
      "max": [
        -0.305176,
        0.305176,
        1.037598
      ],
      "mean": [
        -0.388009,
        -0.217983,
        -0.174386
      ]
    }
  },
  "6": {
    "ax": {
      "min": [
        -0.435181,
        -0.00708,
        -0.903442
      ],
      "max": [
        -0.432739,
        -0.003662,
        -0.901978
      ],
      "mean": [
        -0.434021,
        -0.005724,
        -0.902947
      ]
    },
    "gy": {
      "min": [
        -0.366211,
        -0.366211,
        -0.305176
      ],
      "max": [
        -0.305176,
        -0.244141,
        -0.244141
      ],
      "mean": [
        -0.32213,
        -0.254314,
        -0.274658
      ]
    }
  },
  "7": {
    "ax": {
      "min": [
        0.440063,
        -0.537354,
        -0.708252
      ],
      "max": [
        0.442749,
        -0.532593,
        -0.706055
      ],
      "mean": [
        0.441589,
        -0.533899,
        -0.706531
      ]
    },
    "gy": {
      "min": [
        -0.366211,
        -0.305176,
        -0.305176
      ],
      "max": [
        -0.183105,
        -0.12207,
        -0.244141
      ],
      "mean": [
        -0.335693,
        -0.238037,
        -0.268555
      ]
    }
  },
  "8": {
    "ax": {
      "min": [
        0.436401,
        0.530029,
        -0.711548
      ],
      "max": [
        0.438965,
        0.533813,
        -0.707642
      ],
      "mean": [
        0.437476,
        0.531339,
        -0.710352
      ]
    },
    "gy": {
      "min": [
        -0.366211,
        -0.305176,
        -0.305176
      ],
      "max": [
        -0.305176,
        -0.244141,
        -0.244141
      ],
      "mean": [
        -0.345866,
        -0.24821,
        -0.256348
      ]
    }
  },
  "9": {
    "ax": {
      "min": [
        0.396851,
        0.859497,
        0.287842
      ],
      "max": [
        0.402954,
        0.864014,
        0.296021
      ],
      "mean": [
        0.399068,
        0.862488,
        0.292955
      ]
    },
    "gy": {
      "min": [
        -0.366211,
        -0.305176,
        -0.305176
      ],
      "max": [
        -0.305176,
        -0.183105,
        -0.244141
      ],
      "mean": [
        -0.345866,
        -0.250923,
        -0.267877
      ]
    }
  },
  "10": {
    "ax": {
      "min": [
        0.396606,
        0.00647,
        0.921997
      ],
      "max": [
        0.401489,
        0.015747,
        0.924683
      ],
      "mean": [
        0.398758,
        0.011345,
        0.923203
      ]
    },
    "gy": {
      "min": [
        -0.366211,
        -0.305176,
        -0.305176
      ],
      "max": [
        -0.305176,
        -0.244141,
        -0.244141
      ],
      "mean": [
        -0.324249,
        -0.255585,
        -0.263214
      ]
    }
  },
  "11": {
    "ax": {
      "min": [
        0.399048,
        -0.867798,
        0.280151
      ],
      "max": [
        0.4104,
        -0.854126,
        0.311157
      ],
      "mean": [
        0.402875,
        -0.860584,
        0.296381
      ]
    },
    "gy": {
      "min": [
        -2.075195,
        -1.098633,
        -0.366211
      ],
      "max": [
        1.708984,
        15.563965,
        -0.183105
      ],
      "mean": [
        -0.357056,
        0.521851,
        -0.268555
      ]
    }
  },
  "12": {
    "ax": {
      "min": [
        0.987427,
        0.038574,
        0.031372
      ],
      "max": [
        0.994385,
        0.056885,
        0.067017
      ],
      "mean": [
        0.991314,
        0.046869,
        0.043939
      ]
    },
    "gy": {
      "min": [
        -0.366211,
        -2.319336,
        -1.403809
      ],
      "max": [
        -0.183105,
        2.258301,
        0.732422
      ],
      "mean": [
        -0.32445,
        -0.18953,
        -0.285901
      ]
    }
  }
}
